https://www.tntech.edu/majors/agriculture_agricultural-communications.php
https://www.tntech.edu/majors/agriculture_agricultural-education.php
https://www.tntech.edu/majors/agriculture_agricultural-engineering-tech.php
https://www.tntech.edu/majors/agriculture_agricultural-science-and-management.php
https://www.tntech.edu/majors/agriculture_agronomy-soils.php
https://www.tntech.edu/majors/agriculture_animal-and-pre-veterinary-science_animal-science.php
https://www.tntech.edu/majors/agriculture_animal-and-pre-veterinary-science_pre-veterinary.php
https://www.tntech.edu/majors/agriculture_environmental-agriscience.php
https://www.tntech.edu/majors/agriculture_horticulture.php
https://www.tntech.edu/majors/agriculture_nursery-landscape-management.php
https://www.tntech.edu/majors/agriculture_turfgrass-management.php
https://www.tntech.edu/majors/biology_botany.php
https://www.tntech.edu/majors/biology_cellular-molecular-biology.php
https://www.tntech.edu/majors/biology_environmental-biology.php
https://www.tntech.edu/majors/biology_health-sciences.php
https://www.tntech.edu/majors/biology_marine-biology.php
https://www.tntech.edu/majors/biology_microbiology.php
https://www.tntech.edu/majors/biology_zoology.php
https://www.tntech.edu/majors/accounting.php
https://www.tntech.edu/majors/business-management_business-information-technology.php
https://www.tntech.edu/majors/business-management_business-intelligence-analytics.php
https://www.tntech.edu/majors/business-management_general-management.php
https://www.tntech.edu/majors/business-management_hr-management.php
https://www.tntech.edu/majors/business-management_production-operations-management.php
https://www.tntech.edu/majors/chemical-engineering.php
https://www.tntech.edu/majors/chemical-engineering_bio-molecular-engineering.php
https://www.tntech.edu/majors/chemical-engineering_energy-and-the-environment.php
https://www.tntech.edu/majors/chemistry_biochemistry.php
https://www.tntech.edu/majors/chemistry_pure.php
https://www.tntech.edu/majors/civil-engineering.php
https://www.tntech.edu/majors/civil-engineering_environmental-engineering.php
https://www.tntech.edu/majors/communication_communication-studies.php
https://www.tntech.edu/majors/computer-engineering.php
https://www.tntech.edu/majors/computer-science.php
https://www.tntech.edu/majors/computer-science_data-science.php
https://www.tntech.edu/majors/computer-science_parallel-distributed-high-performance-computing.php
https://www.tntech.edu/majors/computer-science_information-assurance-cyber-security.php
https://www.tntech.edu/majors/early-childhood-education_early-childhood-special-education.php
https://www.tntech.edu/majors/early-childhood-education_practitioner.php
https://www.tntech.edu/majors/economics.php
https://www.tntech.edu/majors/electrical-engineering.php
https://www.tntech.edu/majors/electrical-engineering_mechatronics.php
https://www.tntech.edu/majors/electrical-engineering_vehicle-engineering.php
https://www.tntech.edu/majors/elementary-education.php
https://www.tntech.edu/majors/engineering-technology_engineering-technology-management.php
https://www.tntech.edu/majors/engineering-technology_mechatronics-engineering-technology.php
https://www.tntech.edu/majors/english_creative-writing.php
https://www.tntech.edu/majors/english_literature.php
https://www.tntech.edu/majors/english_professional-technical-communication.php
https://www.tntech.edu/majors/english_rhetoric-language.php
https://www.tntech.edu/majors/environmental-sustainability-studies_environmental-sustainability.php
https://www.tntech.edu/majors/chemistry_custom.php
https://www.tntech.edu/majors/environmental-sustainability-studies_environmental-technology.php
https://www.tntech.edu/majors/environmental-sustainability-studies_society-culture-communication.php
https://www.tntech.edu/majors/exercise-science_fitness-wellness.php
https://www.tntech.edu/majors/exercise-science_licensure.php
https://www.tntech.edu/majors/exercise-science_physical-education-practitioner.php
https://www.tntech.edu/majors/exercise-science_pre-athletic-training.php
https://www.tntech.edu/majors/exercise-science_pre-occupational-therapy.php
https://www.tntech.edu/majors/exercise-science_pre-physical-therapy.php
https://www.tntech.edu/majors/exercise-science_pre-physician-assistant.php
https://www.tntech.edu/majors/exercise-science_sport-administration.php
https://www.tntech.edu/majors/finance.php
https://www.tntech.edu/majors/fine-arts_art-education.php
https://www.tntech.edu/majors/fine-arts_clay.php
https://www.tntech.edu/majors/fine-arts_design.php
https://www.tntech.edu/majors/fine-arts_dual-studio.php
https://www.tntech.edu/majors/fine-arts_fibers.php
https://www.tntech.edu/majors/fine-arts_glass.php
https://www.tntech.edu/majors/fine-arts_metal.php
https://www.tntech.edu/majors/fine-arts_painting.php
https://www.tntech.edu/majors/fine-arts_wood.php
https://www.tntech.edu/majors/foreign-language_french-option-1.php
https://www.tntech.edu/majors/foreign-language_french-option-2.php
https://www.tntech.edu/majors/foreign-language_german-option-1.php
https://www.tntech.edu/majors/foreign-language_german-option-2.php
https://www.tntech.edu/majors/foreign-language_spanish-option-1.php
https://www.tntech.edu/majors/foreign-language_spanish-option-2.php
https://www.tntech.edu/majors/engineering_general.php
https://www.tntech.edu/majors/geosciences_environmental-geology.php
https://www.tntech.edu/majors/geosciences_geographical-information-systems.php
https://www.tntech.edu/majors/geosciences_geography.php
https://www.tntech.edu/majors/geosciences_geology.php
https://www.tntech.edu/majors/history_art.php
https://www.tntech.edu/majors/history_science.php
https://www.tntech.edu/majors/human-ecology_child-development-family-relations.php
https://www.tntech.edu/majors/human-ecology_family-consumer-science-education.php
https://www.tntech.edu/majors/human-ecology_housing-design.php
https://www.tntech.edu/majors/human-ecology_merchandising-design.php
https://www.tntech.edu/majors/human-ecology_nutrition-dietetics.php
https://www.tntech.edu/majors/interdisciplinary-studies.php
https://www.tntech.edu/majors/international-business-cultures.php
https://www.tntech.edu/majors/marketing.php
https://www.tntech.edu/majors/mathematics.php
https://www.tntech.edu/majors/mechanical-engineering.php
https://www.tntech.edu/majors/mechanical-engineering_mechatronics.php
https://www.tntech.edu/majors/mechanical-engineering_vehicle-engineering.php
https://www.tntech.edu/majors/multidisciplinary-studies_computer-science-education.php
https://www.tntech.edu/majors/multidisciplinary-studies_english-second-language.php
https://www.tntech.edu/majors/multidisciplinary-studies_general.php
https://www.tntech.edu/majors/multidisciplinary-studies_middle-school-english-6-8.php
https://www.tntech.edu/majors/multidisciplinary-studies_middle-school-mathematics-6-8.php
https://www.tntech.edu/majors/multidisciplinary-studies_middle-school-science-6-8.php
https://www.tntech.edu/majors/multidisciplinary-studies_middle-school-social-studies-6-8.php
https://www.tntech.edu/majors/music_instrumental.php
https://www.tntech.edu/majors/music_vocal-general.php
https://www.tntech.edu/majors/nursing_upper-division.php
https://www.tntech.edu/majors/physics.php
https://www.tntech.edu/majors/political-science.php
https://www.tntech.edu/majors/political-science_legal-studies.php
https://www.tntech.edu/majors/professional-studies_health-administration.php
https://www.tntech.edu/majors/professional-studies_information-technology.php
https://www.tntech.edu/majors/professional-studies_international-organizational-leadership.php
https://www.tntech.edu/majors/professional-studies_organizational-leadership.php
https://www.tntech.edu/majors/psychology.php
https://www.tntech.edu/majors/secondary-education_biology.php
https://www.tntech.edu/majors/secondary-education_chemistry.php
https://www.tntech.edu/majors/secondary-education_earth-science.php
https://www.tntech.edu/majors/secondary-education_economics.php
https://www.tntech.edu/majors/secondary-education_english.php
https://www.tntech.edu/majors/secondary-education_french.php
https://www.tntech.edu/majors/secondary-education_geography.php
https://www.tntech.edu/majors/secondary-education_german.php
https://www.tntech.edu/majors/secondary-education_history.php
https://www.tntech.edu/majors/secondary-education_mathematics.php
https://www.tntech.edu/majors/secondary-education_non-licensure.php
https://www.tntech.edu/majors/secondary-education_physics.php
https://www.tntech.edu/majors/secondary-education_political-science.php
https://www.tntech.edu/majors/secondary-education_spanish.php
https://www.tntech.edu/majors/secondary-education_speech-communication-theatre.php
https://www.tntech.edu/majors/sociology.php
https://www.tntech.edu/majors/sociology_criminology-criminal-justice.php
https://www.tntech.edu/majors/special-education-practitioner.php
https://www.tntech.edu/majors/special-education_comprehensive-interventionist.php
https://www.tntech.edu/majors/wildlife-fisheries_conservation-biology.php
https://www.tntech.edu/majors/wildlife-fisheries_fisheries-science.php
https://www.tntech.edu/majors/wildlife-fisheries_wildlife-science.php
https://www.tntech.edu/majors/biology.php
https://www.tntech.edu/majors/business-administration_masters.php
https://www.tntech.edu/majors/chemical-engineering-masters.php
https://www.tntech.edu/majors/chemistry-masters.php
https://www.tntech.edu/majors/civil-environmental-engineering-masters.php
https://www.tntech.edu/majors/community-health-and-nutrition-masters.php
https://www.tntech.edu/majors/computer-science-masters.php
https://www.tntech.edu/majors/counseling-and-psychology_clinical-mental-health-counseling-masters.php
https://www.tntech.edu/majors/counseling-and-psychology_psychology-masters.php
https://www.tntech.edu/majors/counseling-and-psychology_school-counseling-masters.php
https://www.tntech.edu/majors/curriculum-and-instruction_special-education-masters.php
https://www.tntech.edu/majors/curriculum-and-instruction_stem-education-masters.php
https://www.tntech.edu/majors/electrical-computer-engineering.php
https://www.tntech.edu/majors/english_literature-masters.php
https://www.tntech.edu/majors/english_professional-technical-communication-masters.php
https://www.tntech.edu/majors/instructional-leadership-masters.php
https://www.tntech.edu/majors/mathematics_masters.php
https://www.tntech.edu/majors/mechanical-engineering-masters.php
https://www.tntech.edu/majors/nursing_administration.php
https://www.tntech.edu/majors/nursing_nursing-education.php
https://www.tntech.edu/majors/exceptional-learning_applied-behavior-analysis.php
https://www.tntech.edu/majors/counseling-and-supervision.php
https://www.tntech.edu/majors/engineering_chemical-engineering.php
https://www.tntech.edu/majors/engineering_civil-engineering.php
https://www.tntech.edu/majors/engineering_computer-science.php
https://www.tntech.edu/majors/engineering_electrical-engineering.php
https://www.tntech.edu/majors/engineering_mechanical-engineering.php
https://www.tntech.edu/majors/environmental-sciences_agriculture.php
https://www.tntech.edu/majors/environmental-sciences_biology.php
https://www.tntech.edu/majors/environmental-sciences_chemistry.php
https://www.tntech.edu/majors/environmental-sciences_geosciences.php
https://www.tntech.edu/majors/environmental-sciences_integrated-research.php
https://www.tntech.edu/majors/exceptional-learning_health-behaviors-and-wellness-education.php
https://www.tntech.edu/majors/exceptional-learning_literacy.php
https://www.tntech.edu/majors/nursing-practice_adult-gerontology-acute-care-nurse-practitioner.php
https://www.tntech.edu/majors/nursing-practice_executive-leadership.php
https://www.tntech.edu/majors/nursing-practice_family-nurse-practitioner.php
https://www.tntech.edu/majors/nursing-practice_pediatric-nurse-practitioner.php
https://www.tntech.edu/majors/nursing-practice_psychiatric-mental-health-nurse-practitioner.php
https://www.tntech.edu/majors/nursing-practice_womens-health-nurse-practitioner.php
https://www.tntech.edu/majors/exceptional-learning_program-planning-and-evaluation.php
https://www.tntech.edu/majors/exceptional-learning_stem-education.php
https://www.tntech.edu/majors/counseling-and-psychology_clinical-mental-health-counseling-specialist.php
https://www.tntech.edu/majors/counseling-and-psychology_psychology-specialist.php
https://www.tntech.edu/majors/counseling-and-psychology_school-counseling-specialist.php
https://www.tntech.edu/majors/counseling-and-psychology_school-psychology-specialist.php
https://www.tntech.edu/majors/curriculum-and-instruction_special-education-specialist.php
https://www.tntech.edu/majors/instructional-leadership-specialist.php
https://www.tntech.edu/majors/english_theatre-performance-option.php
https://www.tntech.edu/majors/sociology_social-work.php
https://www.tntech.edu/majors/nursing_registered.php
https://www.tntech.edu/majors/accountancy.php
https://www.tntech.edu/majors/counseling-and-psychology_school-psychology-masters.php
https://www.tntech.edu/majors/english_creative-writing-masters.php
https://www.tntech.edu/majors/nursing_family-nurse-practitioner.php
https://www.tntech.edu/majors/agriculture_agribusiness-management.php
https://www.tntech.edu/majors/exercise-science_exercise-physiology.php
https://www.tntech.edu/majors/chemistry_business.php
https://www.tntech.edu/majors/agriculture_animal-science_poultry-science.php
https://www.tntech.edu/majors/chemistry_forensic.php
https://www.tntech.edu/majors/chemistry_health-science.php
https://www.tntech.edu/majors/chemistry_industrial.php
https://www.tntech.edu/majors/civil-engineering_construction-engineering-and-management.php
https://www.tntech.edu/majors/civil-engineering_geological-engineering.php
https://www.tntech.edu/majors/chemistry_business.php
https://www.tntech.edu/majors/computer-science_high-performance-computing.php
https://www.tntech.edu/majors/early-childhood-education_integrated-birth-k.php
https://www.tntech.edu/majors/chemistry_business.php
https://www.tntech.edu/majors/mathematics_actuarial.php
https://www.tntech.edu/majors/mathematics_applied.php
https://www.tntech.edu/majors/mathematics_pure.php
https://www.tntech.edu/majors/mathematics_statistics.php
https://www.tntech.edu/majors/mechanical-engineering_aerospace.php
https://www.tntech.edu/majors/music.php
https://www.tntech.edu/majors/music_live-audio.php
https://www.tntech.edu/majors/chemistry_business.php
https://www.tntech.edu/majors/chemistry_business.php
https://www.tntech.edu/majors/studio-arts.php