https://ysu.edu/academics/science-technology-engineering-mathematics/biochemistry-major
https://ysu.edu/academics/science-technology-engineering-mathematics/astronomy-physics-major
https://ysu.edu/academics/science-technology-engineering-mathematics/biology-major
https://ysu.edu/academics/science-technology-engineering-mathematics/chemistry-major
https://ysu.edu/academics/science-technology-engineering-mathematics/environmental-science-major
https://ysu.edu/academics/science-technology-engineering-mathematics/forensicsciencemajor
https://ysu.edu/academics/science-technology-engineering-mathematics/geology-major
https://ysu.edu/academics/science-technology-engineering-mathematics/physics-major
https://ysu.edu/academics/science-technology-engineering-mathematics/chemical-engineering-major
https://ysu.edu/academics/science-technology-engineering-mathematics/civil-and-environmental-engineering-major
https://ysu.edu/academics/science-technology-engineering-mathematics/electrical-engineering-major
https://ysu.edu/academics/science-technology-engineering-mathematics/industrial-and-systems-engineering-major
https://ysu.edu/academics/science-technology-engineering-mathematics/manufacturing-engineering-major
https://ysu.edu/academics/science-technology-engineering-mathematics/mechanical-engineering-major
https://ysu.edu/academics/science-technology-engineering-mathematics/civil-and-construction-engineering-technology
https://ysu.edu/academics/science-technology-engineering-mathematics/electrical-engineering-technology-major
https://ysu.edu/academics/science-technology-engineering-mathematics/mechanical-engineering-technology-major
https://ysu.edu/academics/science-technology-engineering-mathematics/computer-science-major
https://ysu.edu/academics/science-technology-engineering-mathematics/information-technology-major
https://ysu.edu/academics/science-technology-engineering-mathematics/mathematics-major
https://ysu.edu/accounting-major
https://ysu.edu/business-administration-major
https://ysu.edu/academics/williamson-college-business-administration/business-economics-major
https://ysu.edu/academics/williamson-college-business-administration/business-economics-major
https://ysu.edu/academics/williamson-college-business-administration/finance-major
https://ysu.edu/academics/williamson-college-business-administration/human-resource-management-major
https://ysu.edu/academics/williamson-college-business-administration/international-business-major
https://ysu.edu/academics/williamson-college-business-administration/management
https://ysu.edu/academics/williamson-college-business-administration/marketing-major
https://ysu.edu/academics/williamson-college-business-administration/communication-studies-major
https://ysu.edu/academics/williamson-college-business-administration/journalism-major
https://ysu.edu/academics/beeghly-college-liberal-arts-social-sciences-education/early-childhood-educationearly-childhood-intervention-specialist
https://ysu.edu/academics/beeghly-college-liberal-arts-social-sciences-education/anthropology-major
https://ysu.edu/academics/beeghly-college-liberal-arts-social-sciences-education/english-major
https://ysu.edu/academics/beeghly-college-liberal-arts-social-sciences-education/general-studies-major
https://ysu.edu/academics/beeghly-college-liberal-arts-social-sciences-education/geography-major
https://ysu.edu/academics/beeghly-college-liberal-arts-social-sciences-education/history-major
https://ysu.edu/academics/beeghly-college-liberal-arts-social-sciences-education/individualized-curriculum-program
https://ysu.edu/academics/beeghly-college-liberal-arts-social-sciences-education/italian-major
https://ysu.edu/academics/beeghly-college-liberal-arts-social-sciences-education/philosophy-major
https://ysu.edu/academics/beeghly-college-liberal-arts-social-sciences-education/political-science-major
https://ysu.edu/academics/beeghly-college-liberal-arts-social-sciences-education/pre-law-advisement
https://ysu.edu/academics/beeghly-college-liberal-arts-social-sciences-education/professional-and-technical-writing-major
https://ysu.edu/academics/beeghly-college-liberal-arts-social-sciences-education/psychology-major
https://ysu.edu/academics/beeghly-college-liberal-arts-social-sciences-education/integrated-language-arts-education-major
https://ysu.edu/academics/beeghly-college-liberal-arts-social-sciences-education/sociology-major
https://ysu.edu/academics/beeghly-college-liberal-arts-social-sciences-education/spanish-major
https://catalog.ysu.edu/undergraduate/colleges-programs/college-creative-arts-communication/school-music/bm-composition/
https://catalog.ysu.edu/undergraduate/colleges-programs/college-creative-arts-communication/school-music/ba-music-music/
https://ysu.edu/academics/cliffe-college-creative-arts/theatre-majors
https://ysu.edu/academics/cliffe-college-creative-arts/art-majors
https://ysu.edu/academics/bitonte-college-health-and-human-services/criminal-justice-major
https://ysu.edu/academics/bitonte-college-health-and-human-services/dental-hygiene-major
https://ysu.edu/academics/bitonte-college-health-and-human-services/dietetics-programs
https://ysu.edu/academics/beeghly-college-liberal-arts-social-sciences-education/integrated-math-education-major
https://ysu.edu/academics/bitonte-college-health-and-human-services/exercise-science-major
https://ysu.edu/academics/bitonte-college-health-and-human-services/gerontology-major
https://ysu.edu/academics/beeghly-college-liberal-arts-social-sciences-education/integrated-sciences-education-major
https://ysu.edu/academics/bitonte-college-health-and-human-services/long-term-care-administration-major
https://ysu.edu/academics/bitonte-college-health-and-human-services/medical-laboratory-science-major
https://ysu.edu/academics/bitonte-college-health-and-human-services/nursing-entry-level-bsn
https://ysu.edu/academics/bitonte-college-health-and-human-services/respiratory-care-major
https://ysu.edu/academics/bitonte-college-health-and-human-services/social-work-major
https://ysu.edu/academics/beeghly-college-liberal-arts-social-sciences-education/integrated-social-studies-education-major
https://ysu.edu/academics/beeghly-college-liberal-arts-social-sciences-education/italian-education-major
https://ysu.edu/academics/beeghly-college-liberal-arts-social-sciences-education/middle-childhood-education-major
https://ysu.edu/academics/beeghly-college-liberal-arts-social-sciences-education/spanish-education-major
